osm_ref,name,kind,municipality,province,latitude,longitude,alternative_names
node/241543345,Acacia Park,suburb,City of Cape Town,Western Cape,-33.891667,18.527500,
node/6205734295,Admiral's Park,neighbourhood,City of Cape Town,Western Cape,-34.149288,18.873046,
node/6205831489,Allan Boesak Village,neighbourhood,City of Cape Town,Western Cape,-34.123336,18.846060,
node/262719077,Alora,suburb,City of Cape Town,Western Cape,-33.939167,18.671389,
node/262719082,Amanda Glen,suburb,City of Cape Town,Western Cape,-33.852778,18.659722,
node/262719099,Amandelrug,suburb,City of Cape Town,Western Cape,-33.923889,18.692778,
node/6205734287,Anchorage Park,neighbourhood,City of Cape Town,Western Cape,-34.148986,18.876908,
node/1568912393,Arauna,suburb,City of Cape Town,Western Cape,-33.869329,18.686500,
node/6205952941,Asanda Village,neighbourhood,City of Cape Town,Western Cape,-34.106466,18.849591,
node/6205952940,Asla Park Industrial,neighbourhood,City of Cape Town,Western Cape,-34.104636,18.853882,
node/101066628,Athlone,suburb,City of Cape Town,Western Cape,-33.966667,18.505000,
node/243179622,Atlantis,town,City of Cape Town,Western Cape,-33.567222,18.500278,
node/13245994413,Atlas Gardens Business Park,suburb,City of Cape Town,Western Cape,-33.815996,18.554648,
node/262719101,Audas Estate,suburb,City of Cape Town,Western Cape,-34.082215,18.844721,
node/52723149,Aurora,suburb,City of Cape Town,Western Cape,-33.830278,18.631944,
node/262719125,Avondale,suburb,City of Cape Town,Western Cape,-33.566385,18.484715,
node/262719126,Bakoven,suburb,City of Cape Town,Western Cape,-33.960000,18.382778,
node/260296702,Bantry Bay,suburb,City of Cape Town,Western Cape,-33.928151,18.378970,Bantrybaai
node/6515180534,Barnet Molokwana Corner,suburb,City of Cape Town,Western Cape,-34.020962,18.671960,
node/6205264755,Bay Park,neighbourhood,City of Cape Town,Western Cape,-34.148214,18.861169,
node/262719144,Beacon Hill,suburb,City of Cape Town,Western Cape,-33.558053,18.504439,
node/262719148,Beaconvale,suburb,City of Cape Town,Western Cape,-33.916513,18.584077,
node/2095399832,Beaulieu,suburb,City of Cape Town,Western Cape,-34.098141,18.857666,
node/242544257,Belgravia,suburb,City of Cape Town,Western Cape,-33.901111,18.650000,
node/262719168,Belhar,suburb,City of Cape Town,Western Cape,-33.944722,18.625833,
node/6206166993,Bell Glen,neighbourhood,City of Cape Town,Western Cape,-34.059060,18.753031,
node/262719240,Bellair,suburb,City of Cape Town,Western Cape,-33.885833,18.662500,
node/262720658,Bellaire,suburb,City of Cape Town,Western Cape,-34.049722,18.822500,
node/262719242,Belle Ombre,suburb,City of Cape Town,Western Cape,-34.012500,18.428889,
node/262719243,Bellville South,suburb,City of Cape Town,Western Cape,-33.916111,18.644444,
node/262719244,Belmont Park,suburb,City of Cape Town,Western Cape,-33.844722,18.733333,
node/262719245,Belthorn,suburb,City of Cape Town,Western Cape,-33.981111,18.515556,
node/116910120,Belthorn Estate,suburb,City of Cape Town,Western Cape,-33.984845,18.515517,
node/9808175007,Bene,neighbourhood,City of Cape Town,Western Cape,-34.077747,18.853446,
node/262719269,Bergvliet,suburb,City of Cape Town,Western Cape,-34.044796,18.452832,
node/391881836,Bethanie,suburb,City of Cape Town,Western Cape,-33.858254,18.658153,
node/6298777408,Beverley Park,neighbourhood,City of Cape Town,Western Cape,-34.016171,18.735179,
node/262719314,Bishop Lavis,suburb,City of Cape Town,Western Cape,-33.948611,18.575833,
node/94206583,Bishopscourt,suburb,City of Cape Town,Western Cape,-33.988611,18.446667,
node/6223050818,Bizweni,neighbourhood,City of Cape Town,Western Cape,-34.087775,18.859577,
node/262719315,Blackheath,suburb,City of Cape Town,Western Cape,-33.958333,18.702778,
node/262719318,Bloekombos,suburb,City of Cape Town,Western Cape,-33.841667,18.733333,
node/262719319,Bloemhof,suburb,City of Cape Town,Western Cape,-33.879444,18.648889,
node/262719321,Blomtuin,suburb,City of Cape Town,Western Cape,-33.883333,18.650556,
node/262719322,Blomvlei,suburb,City of Cape Town,Western Cape,-33.879444,18.620556,
node/262719324,Blouberg Rise,suburb,City of Cape Town,Western Cape,-33.813056,18.486111,
node/262719328,Bloubergrant,suburb,City of Cape Town,Western Cape,-33.816389,18.478611,
node/262719335,Bloubergstrand,suburb,City of Cape Town,Western Cape,-33.797336,18.461023,
node/262719349,Blue Downs,town,City of Cape Town,Western Cape,-34.000000,18.697500,
node/38464225,Bo-Kaap (Schotschekloof),suburb,City of Cape Town,Western Cape,-33.919890,18.412147,
node/262719383,Bonnie Brae,suburb,City of Cape Town,Western Cape,-33.833333,18.700000,
node/262719387,Bonteheuwel,suburb,City of Cape Town,Western Cape,-33.949167,18.553056,
node/287333903,Boquinar Industrial Area,suburb,City of Cape Town,Western Cape,-33.970648,18.584529,
node/262719395,Bosonia,suburb,City of Cape Town,Western Cape,-33.928611,18.685000,
node/262719396,Boston,suburb,City of Cape Town,Western Cape,-33.891389,18.619444,
node/262719400,Bothasig,suburb,City of Cape Town,Western Cape,-33.859444,18.541111,
node/262719403,Bracken Heights,suburb,City of Cape Town,Western Cape,-33.874167,18.678889,
node/262719404,Brackenfell,suburb,City of Cape Town,Western Cape,-33.883056,18.700000,
node/262719420,Brakkloof,suburb,City of Cape Town,Western Cape,-34.127778,18.395833,
node/6206087301,Brandwacht,neighbourhood,City of Cape Town,Western Cape,-34.064899,18.774929,
node/262719442,Brantwood,suburb,City of Cape Town,Western Cape,-33.923333,18.673889,
node/2702780086,Bremerhof,neighbourhood,City of Cape Town,Western Cape,-33.894776,18.606535,
node/262719463,Brentwood Park,suburb,City of Cape Town,Western Cape,-33.983333,18.658333,
node/6222990732,Bridgebank,neighbourhood,City of Cape Town,Western Cape,-34.091525,18.848677,
node/140630265,Bridgetown,suburb,City of Cape Town,Western Cape,-33.956389,18.530556,
node/6222990725,Bridgewater,neighbourhood,City of Cape Town,Western Cape,-34.089872,18.852003,
node/262719485,Briza,suburb,City of Cape Town,Western Cape,-34.072778,18.842222,
node/6205809769,Broadlands Park (Tarentaalplaas),neighbourhood,City of Cape Town,Western Cape,-34.130569,18.863368,
node/6205809780,Broadlands Village,neighbourhood,City of Cape Town,Western Cape,-34.124797,18.855515,
node/260310431,Brooklyn,suburb,City of Cape Town,Western Cape,-33.908889,18.479167,
node/300200995,Burgundy Estate,suburb,City of Cape Town,Western Cape,-33.840638,18.550571,
node/262719517,Cafda Village,suburb,City of Cape Town,Western Cape,-34.060833,18.484444,
node/262719558,Camelot,suburb,City of Cape Town,Western Cape,-33.958333,18.666667,
node/2095396891,Cape Heritage,suburb,City of Cape Town,Western Cape,-34.099669,18.858653,
node/32675806,Cape Town,city,City of Cape Town,Western Cape,-33.928830,18.417220,IKapa;iKapa;Kaapstad;Motse Kapa;CPT
node/262719581,Capri,suburb,City of Cape Town,Western Cape,-34.135278,18.386667,
node/6222932970,Carey Park,neighbourhood,City of Cape Town,Western Cape,-34.087375,18.841870,
node/6222990738,Carwick,neighbourhood,City of Cape Town,Western Cape,-34.093764,18.851337,
node/262719604,Casablanca,suburb,City of Cape Town,Western Cape,-34.136793,18.862544,
node/4289585164,Century Place,neighbourhood,City of Cape Town,Western Cape,-33.893228,18.502810,
node/262719646,Chantecler,suburb,City of Cape Town,Western Cape,-33.859444,18.660547,
node/7282376849,Chapman's Peak,suburb,City of Cape Town,Western Cape,-34.100000,18.365278,
node/6206087298,Chris Hani Park,neighbourhood,City of Cape Town,Western Cape,-34.063086,18.758310,
node/262719689,Chrismar,suburb,City of Cape Town,Western Cape,-33.892222,18.646944,
node/311649706,City Centre,suburb,City of Cape Town,Western Cape,-33.924389,18.420056,
node/50774209,Claremont,suburb,City of Cape Town,Western Cape,-33.984722,18.462500,
node/260297854,Clifton,suburb,City of Cape Town,Western Cape,-33.935285,18.379070,
node/12189713600,Colorado Park,suburb,City of Cape Town,Western Cape,-34.025935,18.587720,
node/260394108,Constantia,suburb,City of Cape Town,Western Cape,-34.028333,18.415556,
node/262719729,Cravenby,suburb,City of Cape Town,Western Cape,-33.924722,18.591667,
node/116908469,Crawford,suburb,City of Cape Town,Western Cape,-33.977500,18.503333,
node/262719730,Crossroads,suburb,City of Cape Town,Western Cape,-33.994444,18.598889,Kruispad
node/6298689198,Croydon,neighbourhood,City of Cape Town,Western Cape,-34.034162,18.752510,
node/6298683106,Croydon Olive Estate,neighbourhood,City of Cape Town,Western Cape,-34.044671,18.754935,
node/6298683107,Croydon Vineyard Estate,neighbourhood,City of Cape Town,Western Cape,-34.040883,18.751545,
node/262719735,Da Gama Park,suburb,City of Cape Town,Western Cape,-34.156099,18.402984,
node/6205835199,Dark City Informal Settlement,neighbourhood,City of Cape Town,Western Cape,-34.137825,18.862510,
node/262719793,De Bron,suburb,City of Cape Town,Western Cape,-33.858653,18.631420,
node/262719797,De Kuilen,suburb,City of Cape Town,Western Cape,-33.930556,18.680000,
node/262719800,De Tuin,suburb,City of Cape Town,Western Cape,-33.858333,18.691667,
node/6298715686,De Wijnlanden Estate,neighbourhood,City of Cape Town,Western Cape,-34.017025,18.742539,
node/6206087296,Deaconville,neighbourhood,City of Cape Town,Western Cape,-34.060598,18.766721,
node/6206087303,Deep Freeze,neighbourhood,City of Cape Town,Western Cape,-34.066659,18.775551,
node/262719802,Delft,suburb,City of Cape Town,Western Cape,-33.965556,18.644444,
node/12139923732,Delft South,suburb,City of Cape Town,Western Cape,-33.991026,18.633540,
node/262719825,Dennemere,suburb,City of Cape Town,Western Cape,-33.980833,18.705278,
node/262719823,Dennendal,suburb,City of Cape Town,Western Cape,-34.055662,18.441111,
node/262719828,Deurdrif,suburb,City of Cape Town,Western Cape,-34.020833,18.458333,
node/6298777407,Devon Park,neighbourhood,City of Cape Town,Western Cape,-34.008891,18.728320,
node/6298777410,Devon Park Village,neighbourhood,City of Cape Town,Western Cape,-34.015735,18.724386,
node/262719840,Dido Valley,suburb,City of Cape Town,Western Cape,-34.170000,18.427778,
node/262719856,Die Bos,suburb,City of Cape Town,Western Cape,-34.106111,18.844722,
node/262719867,Die Rif,suburb,City of Cape Town,Western Cape,-33.877222,18.602778,
node/262719869,Die Vlakte,suburb,City of Cape Town,Western Cape,-34.098611,18.833333,
node/262719872,Die Wingerd,suburb,City of Cape Town,Western Cape,-34.066944,18.830833,
node/262719903,Dieprivier,suburb,City of Cape Town,Western Cape,-34.037500,18.466111,Diep River
node/38464199,District Six,suburb,City of Cape Town,Western Cape,-33.932546,18.435048,Zonnebloem
node/6205264746,Dobson,neighbourhood,City of Cape Town,Western Cape,-34.151224,18.867746,
node/262719950,Du Noon,suburb,City of Cape Town,Western Cape,-33.816381,18.541674,
node/262719954,Durbanville,town,City of Cape Town,Western Cape,-33.840278,18.649444,
node/262719958,Durbanville Hills,suburb,City of Cape Town,Western Cape,-33.848056,18.638611,
node/262719960,Duynefontein,suburb,City of Cape Town,Western Cape,-33.690000,18.449167,
node/4315723569,East Rock,suburb,City of Cape Town,Western Cape,-33.870610,18.664321,
node/12192231589,Eastridge,suburb,City of Cape Town,Western Cape,-34.049843,18.630302,
node/1240719108,Eden Park,suburb,City of Cape Town,Western Cape,-33.870794,18.679222,
node/262719972,Edgemead,suburb,City of Cape Town,Western Cape,-33.875567,18.539953,
node/262719974,Eersterivier,town,City of Cape Town,Western Cape,-34.000000,18.721667,
node/262719975,Eersterivier Suid,suburb,City of Cape Town,Western Cape,-34.023889,18.729722,
node/262719986,Eikendal,suburb,City of Cape Town,Western Cape,-33.850000,18.728889,
node/262719991,Eindhoven,suburb,City of Cape Town,Western Cape,-33.975000,18.641667,
node/6515180528,Ekuphumuleni,suburb,City of Cape Town,Western Cape,-34.042611,18.670768,
node/6298777411,Electric City,neighbourhood,City of Cape Town,Western Cape,-34.016278,18.712208,
node/262720020,Elfindale,suburb,City of Cape Town,Western Cape,-34.041575,18.476814,
node/262720050,Elsiesriver,town,City of Cape Town,Western Cape,-33.930833,18.586389,Elsiesrivier;Elsies River;Elsies Rivier
node/6515180540,Endlovini,suburb,City of Cape Town,Western Cape,-34.062588,18.668181,
node/6515180530,Enkanini,suburb,City of Cape Town,Western Cape,-34.059360,18.702550,
node/262720089,Epping Forest,suburb,City of Cape Town,Western Cape,-33.933889,18.575278,
node/74056635,Epping Industria 1,suburb,City of Cape Town,Western Cape,-33.933369,18.534577,
node/6657368070,Epping Industria 2,suburb,City of Cape Town,Western Cape,-33.934169,18.554443,
node/6205809774,Erijaville,neighbourhood,City of Cape Town,Western Cape,-34.129806,18.849700,
node/262720115,Eureka,suburb,City of Cape Town,Western Cape,-33.936111,18.590556,
node/262720117,Eversdal,suburb,City of Cape Town,Western Cape,-33.861667,18.648611,
node/12560798118,Eversdal Heights,suburb,City of Cape Town,Western Cape,-33.851644,18.648045,
node/6515180524,Eyethu,suburb,City of Cape Town,Western Cape,-34.034398,18.671671,
node/6205835198,Fairview Golf Estate,neighbourhood,City of Cape Town,Western Cape,-34.140301,18.868419,
node/262720131,Fir Grove,suburb,City of Cape Town,Western Cape,-34.044444,18.431944,
node/262720132,Firgrove,suburb,City of Cape Town,Western Cape,-34.055833,18.786389,
node/262720136,Flamingo Vlei,suburb,City of Cape Town,Western Cape,-33.830923,18.491726,
node/260286474,Foreshore,suburb,City of Cape Town,Western Cape,-33.922955,18.438241,
node/262720170,Forest Village,suburb,City of Cape Town,Western Cape,-34.006667,18.713889,
node/260296701,Fresnaye,suburb,City of Cape Town,Western Cape,-33.925194,18.387743,
node/6222757180,Gants Park,neighbourhood,City of Cape Town,Western Cape,-34.095052,18.841205,
node/6222932974,Garden Village,neighbourhood,City of Cape Town,Western Cape,-34.087606,18.838834,
node/38464224,Gardens,suburb,City of Cape Town,Western Cape,-33.932778,18.409722,
node/242544312,Gatesville,suburb,City of Cape Town,Western Cape,-33.976403,18.532749,
node/262720344,Gaylee,suburb,City of Cape Town,Western Cape,-33.975833,18.701667,
node/6222663973,George Park,neighbourhood,City of Cape Town,Western Cape,-34.120381,18.840295,
node/262720384,Gersham,suburb,City of Cape Town,Western Cape,-33.944974,18.676033,
node/262720387,Gleemoor,suburb,City of Cape Town,Western Cape,-33.964444,18.513611,
node/262720389,Glen Dirk,suburb,City of Cape Town,Western Cape,-33.998056,18.443056,
node/262720391,Glen Ive,suburb,City of Cape Town,Western Cape,-33.872222,18.661944,
node/58549513,Glencairn,suburb,City of Cape Town,Western Cape,-34.159540,18.428499,
node/262720402,Glencairn Heights,suburb,City of Cape Town,Western Cape,-34.153773,18.429238,
node/262720413,Glenhaven,suburb,City of Cape Town,Western Cape,-33.919722,18.658056,
node/6222857082,Goedehoop,neighbourhood,City of Cape Town,Western Cape,-34.098286,18.830584,
node/262720419,Goedemoed,suburb,City of Cape Town,Western Cape,-33.826111,18.672778,
node/262720427,Golden Acre,suburb,City of Cape Town,Western Cape,-34.075556,18.864444,
node/262720433,Golden Hill,suburb,City of Cape Town,Western Cape,-34.066667,18.864722,
node/6515180525,Good Hope,suburb,City of Cape Town,Western Cape,-34.051982,18.654230,
node/258956025,Goodwood,suburb,City of Cape Town,Western Cape,-33.906667,18.549167,
node/6205166561,Gordon Heights,neighbourhood,City of Cape Town,Western Cape,-34.159006,18.880433,
node/6205264757,Gordon Strand Estate,neighbourhood,City of Cape Town,Western Cape,-34.149928,18.861180,
node/29382467,Gordon's Bay,suburb,City of Cape Town,Western Cape,-34.161125,18.868687,Gordonsbaai
node/6515180537,Graceland,suburb,City of Cape Town,Western Cape,-34.043776,18.675700,
node/262720444,Grassy Park,suburb,City of Cape Town,Western Cape,-34.045129,18.503253,
node/260289635,Green Point,suburb,City of Cape Town,Western Cape,-33.904257,18.405968,
node/6222568988,Greenways,neighbourhood,City of Cape Town,Western Cape,-34.128523,18.838780,
node/262720460,Guguletu,suburb,City of Cape Town,Western Cape,-33.982222,18.568333,Gugulethu
node/262720462,Gustrouw,suburb,City of Cape Town,Western Cape,-34.134652,18.853182,
node/262720466,Hagley,suburb,City of Cape Town,Western Cape,-33.964444,18.680278,
node/242783168,Hanover Park,suburb,City of Cape Town,Western Cape,-33.992222,18.533056,
node/6515180532,Harare,suburb,City of Cape Town,Western Cape,-34.057685,18.673492,
node/242544315,Hatton,suburb,City of Cape Town,Western Cape,-33.979925,18.534677,
node/6222932969,Haumannshof,neighbourhood,City of Cape Town,Western Cape,-34.090722,18.844740,
node/71655884,Hazendal,suburb,City of Cape Town,Western Cape,-33.952778,18.504444,
node/262720502,Heathfield,suburb,City of Cape Town,Western Cape,-34.050000,18.468056,
node/262720505,Heideveld,suburb,City of Cape Town,Western Cape,-33.964167,18.548889,
node/262720506,Helderberg,suburb,City of Cape Town,Western Cape,-34.049444,18.834444,
node/2095400622,Helderberg Manor,suburb,City of Cape Town,Western Cape,-34.099793,18.864598,
node/6205809776,Helderberg Park,neighbourhood,City of Cape Town,Western Cape,-34.127674,18.855729,
node/712714469,Helderberg Village,village,City of Cape Town,Western Cape,-34.045162,18.818994,
node/262720507,Helderrand,suburb,City of Cape Town,Western Cape,-34.063611,18.860833,
node/262720509,Heldervue,suburb,City of Cape Town,Western Cape,-34.060000,18.821667,
node/262720510,Helderzicht,suburb,City of Cape Town,Western Cape,-34.088889,18.831944,
node/262720511,Helena Heights,suburb,City of Cape Town,Western Cape,-34.057222,18.836111,
node/2100377118,Heritage Close,suburb,City of Cape Town,Western Cape,-34.097473,18.858734,
node/2094026964,Heritage Manor,suburb,City of Cape Town,Western Cape,-34.096746,18.861980,
node/2100376715,Heritage Mews,suburb,City of Cape Town,Western Cape,-34.096706,18.858380,
node/2095400478,Heritage Villas,suburb,City of Cape Town,Western Cape,-34.099305,18.855800,
node/262720525,High Constantia,suburb,City of Cape Town,Western Cape,-34.025000,18.425000,
node/6298777413,High Places,neighbourhood,City of Cape Town,Western Cape,-34.018661,18.729042,
node/262720526,Highbury,suburb,City of Cape Town,Western Cape,-33.947294,18.679213,
node/262720603,Hoheizen,suburb,City of Cape Town,Western Cape,-33.883056,18.620833,
node/6298715685,Houghton,neighbourhood,City of Cape Town,Western Cape,-34.022894,18.733376,
node/262720634,Hout Bay,town,City of Cape Town,Western Cape,-34.043093,18.355645,Houtbaai
node/6515180535,Ilitha Park,suburb,City of Cape Town,Western Cape,-34.049145,18.662708,
node/6232872531,Jacques Hill,neighbourhood,City of Cape Town,Western Cape,-34.075861,18.853158,
node/262720681,Jagtershof,suburb,City of Cape Town,Western Cape,-33.941667,18.700000,
node/267044810,Joe Slovo Park,suburb,City of Cape Town,Western Cape,-33.873595,18.510497,
node/3044654487,Joostenbergvlakte,suburb,City of Cape Town,Western Cape,-33.828610,18.732720,
node/243052595,Kaapzicht,suburb,City of Cape Town,Western Cape,-33.882944,18.565739,
node/6232860653,Kalamuda,neighbourhood,City of Cape Town,Western Cape,-34.083823,18.860336,
node/262720762,Kalksteenfontein,suburb,City of Cape Town,Western Cape,-33.950278,18.565556,
node/6298689197,Kelderhof Estate,neighbourhood,City of Cape Town,Western Cape,-34.037434,18.761952,
node/95072264,Kenilworth,suburb,City of Cape Town,Western Cape,-33.994167,18.468333,
node/262720782,Kenridge,suburb,City of Cape Town,Western Cape,-33.858056,18.637222,
node/82589082,Kensington,suburb,City of Cape Town,Western Cape,-33.914444,18.506944,
node/262720784,Kenwyn,neighbourhood,City of Cape Town,Western Cape,-33.995469,18.499212,
node/241645633,Kewtown,suburb,City of Cape Town,Western Cape,-33.959444,18.517500,
node/6515180529,Khaya,suburb,City of Cape Town,Western Cape,-34.036741,18.659804,
node/262720812,Khayelitsha,town,City of Cape Town,Western Cape,-34.040591,18.667420,
node/262720829,Kirstenhof,suburb,City of Cape Town,Western Cape,-34.071667,18.450556,
node/262720832,Klaassenbosch,suburb,City of Cape Town,Western Cape,-33.999167,18.431944,
node/262720841,Kleinvlei,suburb,City of Cape Town,Western Cape,-33.985833,18.714444,
node/262720843,Klipfontein,suburb,City of Cape Town,Western Cape,-34.002500,18.621667,
node/262720845,Klipheuwel,suburb,City of Cape Town,Western Cape,-33.717949,18.707962,
node/262720857,Koeberg,suburb,City of Cape Town,Western Cape,-33.677500,18.438889,
node/262720859,Kommetjie,suburb,City of Cape Town,Western Cape,-34.139865,18.326994,
node/262720866,Kraaifontein,town,City of Cape Town,Western Cape,-33.847778,18.716111,
node/13188368675,Kraaifontein East,suburb,City of Cape Town,Western Cape,-33.843093,18.739646,
node/262720890,Kuilsrivier,town,City of Cape Town,Western Cape,-33.926944,18.685556,Kuils River
node/6515180531,Kuyasa,suburb,City of Cape Town,Western Cape,-34.060300,18.688695,
node/262720927,La Rochelle,suburb,City of Cape Town,Western Cape,-33.880833,18.656389,
node/262720932,Labiance,suburb,City of Cape Town,Western Cape,-33.911944,18.659167,
node/260310453,Lagoon Beach,suburb,City of Cape Town,Western Cape,-33.892792,18.482375,
node/59765015,Lakeside,suburb,City of Cape Town,Western Cape,-34.087222,18.456944,
node/262720939,Land en Zeezicht,suburb,City of Cape Town,Western Cape,-34.073056,18.875000,
node/75711801,Langa,suburb,City of Cape Town,Western Cape,-33.945556,18.530000,
node/12752160482,Langeberg Ridge,suburb,City of Cape Town,Western Cape,-33.842153,18.691412,
node/6222857083,Langgewacht,neighbourhood,City of Cape Town,Western Cape,-34.100640,18.832548,
node/99206424,Lansdowne,suburb,City of Cape Town,Western Cape,-33.996341,18.506893,
node/262720947,Lavender Hill,suburb,City of Cape Town,Western Cape,-34.073611,18.483333,
node/262720960,Lentegeur,suburb,City of Cape Town,Western Cape,-34.031389,18.611944,
node/260380909,Llandudno,suburb,City of Cape Town,Western Cape,-34.008588,18.344232,
node/6222857086,Lochnerhof,neighbourhood,City of Cape Town,Western Cape,-34.106306,18.826737,Strandnoord
node/262721010,Loevenstein,suburb,City of Cape Town,Western Cape,-33.885556,18.606389,
node/262721014,Longdown Estate,suburb,City of Cape Town,Western Cape,-34.091674,18.855608,
node/6222710893,Longlands,neighbourhood,City of Cape Town,Western Cape,-34.102461,18.846784,
node/262721018,Lotus River,suburb,City of Cape Town,Western Cape,-34.043056,18.521389,
node/6205880411,Lourensia Park,neighbourhood,City of Cape Town,Western Cape,-34.091530,18.828800,
node/262721066,Lwandle,suburb,City of Cape Town,Western Cape,-34.122222,18.868889,
node/262721068,Lynn's View,suburb,City of Cape Town,Western Cape,-34.053333,18.821944,
node/262721070,Mabille Park,suburb,City of Cape Town,Western Cape,-33.918333,18.670833,
node/262721073,Macassar,suburb,City of Cape Town,Western Cape,-34.066116,18.767495,
node/6206166996,Macassar Village,neighbourhood,City of Cape Town,Western Cape,-34.052989,18.750735,
node/6206166994,Macassar Village Estate,neighbourhood,City of Cape Town,Western Cape,-34.056847,18.747978,
node/82547669,Maitland,suburb,City of Cape Town,Western Cape,-33.922500,18.493056,
node/52746697,Maitland Garden Village,suburb,City of Cape Town,Western Cape,-33.935278,18.488889,
node/262721150,Malibu Village,suburb,City of Cape Town,Western Cape,-33.995278,18.692222,
node/262721165,Mamre,village,City of Cape Town,Western Cape,-33.512985,18.475420,
node/262721179,Mandalay,suburb,City of Cape Town,Western Cape,-34.014858,18.626161,
node/6515180533,Mandela Park (Makaya),suburb,City of Cape Town,Western Cape,-34.048652,18.683549,
node/262721220,Manenberg,suburb,City of Cape Town,Western Cape,-33.989722,18.554444,
node/6205166566,Mansfield Estate,neighbourhood,City of Cape Town,Western Cape,-34.155171,18.885185,
node/6205131788,Mansfield Industrial,neighbourhood,City of Cape Town,Western Cape,-34.151015,18.885882,
node/267044811,Marconi Beam,suburb,City of Cape Town,Western Cape,-33.872307,18.515669,
node/262721265,Marina Da Gama,suburb,City of Cape Town,Western Cape,-34.091088,18.477159,
node/6232860644,Martinville,neighbourhood,City of Cape Town,Western Cape,-34.084180,18.854596,
node/6206087305,Marvin Park,neighbourhood,City of Cape Town,Western Cape,-34.061504,18.776656,
node/2151372123,Masiphumelele,village,City of Cape Town,Western Cape,-34.129372,18.375791,Masiphumele
node/262721283,Matroosfontein,suburb,City of Cape Town,Western Cape,-33.940556,18.577778,
node/262721313,Meadowridge,suburb,City of Cape Town,Western Cape,-34.033333,18.451389,
node/262721316,Melkbosstrand,town,City of Cape Town,Western Cape,-33.722222,18.445833,
node/260310457,Metro Industrial Township,suburb,City of Cape Town,Western Cape,-33.897409,18.481349,
node/262721325,Mfuleni,suburb,City of Cape Town,Western Cape,-33.992279,18.676991,
node/262721380,Mikro Park,suburb,City of Cape Town,Western Cape,-33.933333,18.700000,
node/252200946,Milnerton,town,City of Cape Town,Western Cape,-33.879444,18.496389,
node/252201090,Milnerton Ridge,suburb,City of Cape Town,Western Cape,-33.853052,18.508990,
node/6206052340,Mission Grounds,neighbourhood,City of Cape Town,Western Cape,-34.121212,18.901604,
node/262721397,Mitchells Plain,town,City of Cape Town,Western Cape,-34.050556,18.618056,Mitchell's Plain;Mitchells Plein
node/267044813,Montague Gardens,suburb,City of Cape Town,Western Cape,-33.859750,18.522916,
node/12160342445,Montclair,suburb,City of Cape Town,Western Cape,-34.020716,18.626010,
node/262721470,Monte Vista,suburb,City of Cape Town,Western Cape,-33.879722,18.555000,
node/287334122,Montevideo,suburb,City of Cape Town,Western Cape,-33.965512,18.574971,
node/6515180536,Monwabisi,suburb,City of Cape Town,Western Cape,-34.067990,18.708049,
node/262721498,Morgenster,suburb,City of Cape Town,Western Cape,-33.869167,18.692500,
node/1568912408,Morgenster Hoogte,suburb,City of Cape Town,Western Cape,-33.863992,18.694321,
node/6205831491,Morkel's Cottage Informal Settlement,neighbourhood,City of Cape Town,Western Cape,-34.121297,18.843799,
node/4225192119,Morning Star,village,City of Cape Town,Western Cape,-33.752198,18.531169,
node/6223063125,Morningside,neighbourhood,City of Cape Town,Western Cape,-34.074784,18.879855,
node/260289640,Mouille Point,suburb,City of Cape Town,Western Cape,-33.900023,18.403884,
node/6205166573,Mountain View,neighbourhood,City of Cape Town,Western Cape,-34.154007,18.879552,
node/6205166565,Mountainside Estate,neighbourhood,City of Cape Town,Western Cape,-34.156964,18.876291,
node/242544629,Mountview,suburb,City of Cape Town,Western Cape,-33.985749,18.525522,
node/25685778,Mowbray,suburb,City of Cape Town,Western Cape,-33.948333,18.474167,
node/262721551,Muizenberg,suburb,City of Cape Town,Western Cape,-34.102778,18.465278,
node/6515297086,Mxolisi Phetani (Site C),suburb,City of Cape Town,Western Cape,-34.011567,18.645771,
node/6223063128,Nature's Valley,neighbourhood,City of Cape Town,Western Cape,-34.071567,18.880026,
node/6205131786,Nautilus Village,neighbourhood,City of Cape Town,Western Cape,-34.148769,18.883511,
node/25399553,Ndabeni,suburb,City of Cape Town,Western Cape,-33.928485,18.491624,
node/262721571,New Crossroads,suburb,City of Cape Town,Western Cape,-33.995556,18.582222,
node/6206166995,New Macassar,neighbourhood,City of Cape Town,Western Cape,-34.057878,18.757312,
node/6206087295,New Scheme,neighbourhood,City of Cape Town,Western Cape,-34.063602,18.771485,
node/12189710780,New Woodlands,suburb,City of Cape Town,Western Cape,-34.023134,18.600827,
node/242783140,Newfields,suburb,City of Cape Town,Western Cape,-33.985169,18.533242,
node/25685781,Newlands,suburb,City of Cape Town,Western Cape,-33.974283,18.457295,
node/539172199,Nomzamo,suburb,City of Cape Town,Western Cape,-34.114920,18.861127,
node/6515180539,Nonqubela (Site B),suburb,City of Cape Town,Western Cape,-34.023052,18.666320,
node/262721693,Nooitgedacht,suburb,City of Cape Town,Western Cape,-33.954167,18.579444,
node/31042349,Noordhoek,village,City of Cape Town,Western Cape,-34.102778,18.380000,
node/262721704,Northpine,suburb,City of Cape Town,Western Cape,-33.869444,18.714722,
node/262721718,Norwood,suburb,City of Cape Town,Western Cape,-33.925833,18.578056,
node/262721750,Nuwedorp,suburb,City of Cape Town,Western Cape,-34.063333,18.888056,
node/262721768,Nyanga,suburb,City of Cape Town,Western Cape,-33.986944,18.584722,
node/262721781,Oakdale,suburb,City of Cape Town,Western Cape,-33.891389,18.636389,
node/12730341061,Oakglen,suburb,City of Cape Town,Western Cape,-33.885866,18.667680,
node/25685777,Observatory,suburb,City of Cape Town,Western Cape,-33.936944,18.468333,
node/262721789,Ocean View,suburb,City of Cape Town,Western Cape,-34.145881,18.352985,
node/6205264754,Onverwacht,neighbourhood,City of Cape Town,Western Cape,-34.147708,18.863068,
node/38464217,Oranjezicht,suburb,City of Cape Town,Western Cape,-33.943889,18.415000,
node/258524646,Ottery,suburb,City of Cape Town,Western Cape,-34.013153,18.509153,
node/174084168,Paarden Eiland,suburb,City of Cape Town,Western Cape,-33.914046,18.471193,
node/6222934099,Paardevlei,neighbourhood,City of Cape Town,Western Cape,-34.091311,18.814962,
node/262721876,Palm Park,suburb,City of Cape Town,Western Cape,-33.995278,18.720000,
node/262721879,Panorama,suburb,City of Cape Town,Western Cape,-33.882778,18.570278,
node/262721882,Parelvallei,suburb,City of Cape Town,Western Cape,-34.069444,18.851944,
node/262721883,Park Estate,neighbourhood,City of Cape Town,Western Cape,-33.958056,18.490833,
node/6222857080,Park Estates,neighbourhood,City of Cape Town,Western Cape,-34.110652,18.830991,
node/9172273621,Parklands,suburb,City of Cape Town,Western Cape,-33.812782,18.499685,
node/262721891,Parkwood,suburb,City of Cape Town,Western Cape,-34.033334,18.495557,
node/262721892,Parow,town,City of Cape Town,Western Cape,-33.902500,18.586944,
node/262721893,Parow North,suburb,City of Cape Town,Western Cape,-33.890395,18.585925,
node/262721894,Parow-Oos,suburb,City of Cape Town,Western Cape,-33.896944,18.598333,
node/262721895,Parowvallei,suburb,City of Cape Town,Western Cape,-33.912222,18.592778,
node/262721902,Peerless Park,suburb,City of Cape Town,Western Cape,-33.843121,18.723503,
node/262721905,Pelican Park,suburb,City of Cape Town,Western Cape,-34.062025,18.528116,
node/262721906,Pella,village,City of Cape Town,Western Cape,-33.539510,18.521512,
node/262721910,Penhill,suburb,City of Cape Town,Western Cape,-33.992778,18.733611,
node/242544630,Penlyn Estate,suburb,City of Cape Town,Western Cape,-33.983917,18.522093,
node/262721921,Philadelphia,village,City of Cape Town,Western Cape,-33.666635,18.580989,
node/262721922,Philippi,suburb,City of Cape Town,Western Cape,-34.005306,18.570383,
node/3816236783,Philippi - Farmland,suburb,City of Cape Town,Western Cape,-34.028313,18.551422,
node/267044809,Phoenix,suburb,City of Cape Town,Western Cape,-33.874803,18.506344,
node/242783154,Pinati,suburb,City of Cape Town,Western Cape,-33.991988,18.517953,
node/6205734293,Pine Acres,neighbourhood,City of Cape Town,Western Cape,-34.144529,18.868561,
node/1618708099,Pine Haven,village,City of Cape Town,Western Cape,-34.182510,18.414982,
node/6206052336,Pine Town Informal Settlement,neighbourhood,City of Cape Town,Western Cape,-34.114799,18.909222,
node/12757409880,Pinehurst,suburb,City of Cape Town,Western Cape,-33.830415,18.685970,
node/25389818,Pinelands,suburb,City of Cape Town,Western Cape,-33.931667,18.512778,
node/262721940,Plattekloof,suburb,City of Cape Town,Western Cape,-33.877500,18.585556,
node/243052590,Plattekloof Glen,suburb,City of Cape Town,Western Cape,-33.884342,18.560463,
node/258408666,Plumstead,suburb,City of Cape Town,Western Cape,-34.020000,18.477222,
node/12187914034,Portland,suburb,City of Cape Town,Western Cape,-34.050331,18.613033,
node/262721953,Primrose Park,suburb,City of Cape Town,Western Cape,-33.981944,18.548889,
node/262721961,Protea Park,suburb,City of Cape Town,Western Cape,-33.574166,18.494714,
node/262721962,Protea Vallei,suburb,City of Cape Town,Western Cape,-33.865561,18.616605,
node/262721964,Proteaville,suburb,City of Cape Town,Western Cape,-33.819749,18.656413,
node/262721965,Puntsville,suburb,City of Cape Town,Western Cape,-34.041389,18.470000,
node/2579680561,Racing Park,suburb,City of Cape Town,Western Cape,-33.814152,18.535494,
node/6206052333,Rasta Kamp Informal Settlement,neighbourhood,City of Cape Town,Western Cape,-34.118529,18.908127,
node/262721995,Ravensmead,suburb,City of Cape Town,Western Cape,-33.921111,18.606389,
node/1618679355,Redhill Informal Settlement,village,City of Cape Town,Western Cape,-34.201006,18.408648,
node/262722008,Retreat,suburb,City of Cape Town,Western Cape,-34.054167,18.476389,
node/262722016,Richwood,suburb,City of Cape Town,Western Cape,-33.833056,18.543611,
node/262722017,Ridgeworth,suburb,City of Cape Town,Western Cape,-33.873889,18.644722,
node/262722024,Risiview,suburb,City of Cape Town,Western Cape,-34.130746,18.408140,
node/4698592568,Riverside,suburb,City of Cape Town,Western Cape,-33.796882,18.530120,
node/8065213143,Robben Island Village,village,City of Cape Town,Western Cape,-33.811406,18.379238,
node/262722029,Robinvale,suburb,City of Cape Town,Western Cape,-33.564998,18.506104,
node/262722033,Rocklands,suburb,City of Cape Town,Western Cape,-34.064000,18.609000,
node/6222710896,Rome Estate (Kleinbos),neighbourhood,City of Cape Town,Western Cape,-34.111176,18.835669,
node/262722035,Rome Glen,suburb,City of Cape Town,Western Cape,-34.089722,18.867500,
node/25685780,Rondebosch,suburb,City of Cape Town,Western Cape,-33.968056,18.487778,
node/82699663,Rondebosch East,suburb,City of Cape Town,Western Cape,-33.979167,18.498333,
node/262722036,Rontree,suburb,City of Cape Town,Western Cape,-33.966111,18.380556,
node/262722050,Roosendal,suburb,City of Cape Town,Western Cape,-33.959722,18.651389,
node/25685779,Rosebank,suburb,City of Cape Town,Western Cape,-33.951944,18.473889,
node/6232860649,Roundhay,neighbourhood,City of Cape Town,Western Cape,-34.079451,18.853115,
node/268269260,Royal Ascot,suburb,City of Cape Town,Western Cape,-33.862119,18.505952,
node/260310461,Rugby,suburb,City of Cape Town,Western Cape,-33.897614,18.487778,
node/262722066,Rustdal,suburb,City of Cape Town,Western Cape,-33.958056,18.703333,
node/262722070,Rusthof,suburb,City of Cape Town,Western Cape,-34.131279,18.847639,
node/262722078,Rylands Estate,suburb,City of Cape Town,Western Cape,-33.970833,18.529444,
node/6515180527,Sabata Dalindyebo Square (Green Point),suburb,City of Cape Town,Western Cape,-34.030626,18.677849,
node/262722199,Salt River,suburb,City of Cape Town,Western Cape,-33.931701,18.461006,Soutrivier
node/262722098,San Michele,suburb,City of Cape Town,Western Cape,-34.104722,18.390278,
node/242740951,Sanddrift,suburb,City of Cape Town,Western Cape,-33.882922,18.509659,
node/262722133,Sandvlei,suburb,City of Cape Town,Western Cape,-34.058889,18.733056,
node/262722135,Sarepta,suburb,City of Cape Town,Western Cape,-33.932778,18.666667,
node/262722141,Saxonsea,suburb,City of Cape Town,Western Cape,-33.550407,18.494766,
node/262722146,Schoongezicht,suburb,City of Cape Town,Western Cape,-33.816944,18.647500,
node/262722149,Scottsdene,suburb,City of Cape Town,Western Cape,-33.862778,18.725000,
node/262722150,Scottsville,suburb,City of Cape Town,Western Cape,-33.855556,18.705556,
node/6205734290,Sea Breeze,neighbourhood,City of Cape Town,Western Cape,-34.147370,18.869741,
node/260296502,Sea Point,suburb,City of Cape Town,Western Cape,-33.917222,18.392222,Seepunt
node/262722152,Seaforth,suburb,City of Cape Town,Western Cape,-34.196667,18.450000,
node/6205809777,Sercor Park,neighbourhood,City of Cape Town,Western Cape,-34.132275,18.858090,
node/262722168,Sherwood,suburb,City of Cape Town,Western Cape,-33.554720,18.495555,
node/262722170,Shirley Park,suburb,City of Cape Town,Western Cape,-33.905556,18.663333,
node/262722172,Sillery,suburb,City of Cape Town,Western Cape,-34.027778,18.438889,
node/262722174,Silverhurst,suburb,City of Cape Town,Western Cape,-34.017873,18.433131,
node/262722175,Silveroaks,suburb,City of Cape Town,Western Cape,-33.936944,18.690556,
node/262722176,Silversands,suburb,City of Cape Town,Western Cape,-33.979722,18.678056,
node/6222934098,Silvertas,neighbourhood,City of Cape Town,Western Cape,-34.089063,18.837407,
node/242376723,Silvertown,suburb,City of Cape Town,Western Cape,-33.963056,18.529444,
node/6515180541,Silvertown - Khayelitsha,suburb,City of Cape Town,Western Cape,-34.040963,18.684842,
node/6298777412,Silwood Heights,neighbourhood,City of Cape Town,Western Cape,-34.015964,18.717333,
node/254352976,Simon's Town,town,City of Cape Town,Western Cape,-34.193181,18.433266,Simonstad
node/262722179,Sir Lowry's Pass,village,City of Cape Town,Western Cape,-34.117680,18.910297,
node/6298683108,Sitari Country Estate,neighbourhood,City of Cape Town,Western Cape,-34.046075,18.763991,
node/6206166997,Smartie Town,neighbourhood,City of Cape Town,Western Cape,-34.058722,18.749105,
node/262722250,Soet Water,suburb,City of Cape Town,Western Cape,-34.159722,18.330556,
node/2100378892,Somerset Country Estate,suburb,City of Cape Town,Western Cape,-34.102876,18.861894,
node/6222934101,Somerset Park,neighbourhood,City of Cape Town,Western Cape,-34.097237,18.853608,
node/220456263,Somerset West,town,City of Cape Town,Western Cape,-34.082220,18.848934,Somerset-Wes
node/6232860645,Somerset West Central,neighbourhood,City of Cape Town,Western Cape,-34.082695,18.848212,
node/262722190,Soneike,suburb,City of Cape Town,Western Cape,-33.916389,18.681111,
node/12752322629,Sonstraal Heights,suburb,City of Cape Town,Western Cape,-33.842945,18.678443,
node/262722197,Southfield,suburb,City of Cape Town,Western Cape,-34.034722,18.483333,
node/262722198,Southfork,suburb,City of Cape Town,Western Cape,-34.138611,18.852222,
node/262722201,Spanish Farm,suburb,City of Cape Town,Western Cape,-34.054444,18.850833,
node/262722204,Square Hill,suburb,City of Cape Town,Western Cape,-34.066389,18.468611,
node/262722209,Steenberg,suburb,City of Cape Town,Western Cape,-34.074722,18.470833,
node/262722211,Stellenberg,suburb,City of Cape Town,Western Cape,-33.867778,18.660000,
node/262722212,Stellenridge,suburb,City of Cape Town,Western Cape,-33.875000,18.658333,
node/262722216,Stikland,suburb,City of Cape Town,Western Cape,-33.892222,18.669167,
node/29385915,Strand,town,City of Cape Town,Western Cape,-34.105560,18.830564,
node/262722222,Strand Halt,suburb,City of Cape Town,Western Cape,-34.098576,18.838701,
node/6222757184,Strand Industria,neighbourhood,City of Cape Town,Western Cape,-34.100649,18.845582,
node/6222857072,Strandvale,neighbourhood,City of Cape Town,Western Cape,-34.096927,18.837032,
node/6298777414,Stratford Green,neighbourhood,City of Cape Town,Western Cape,-34.021222,18.738741,
node/6232872530,Stuart's Hill,neighbourhood,City of Cape Town,Western Cape,-34.077168,18.848169,
node/242740941,Summer Greens,suburb,City of Cape Town,Western Cape,-33.878611,18.527778,
node/6206052342,Sun City,neighbourhood,City of Cape Town,Western Cape,-34.121123,18.910144,
node/262722236,Sunbird Park,suburb,City of Cape Town,Western Cape,-33.966667,18.683333,
node/9172273622,Sunningdale,suburb,City of Cape Town,Western Cape,-33.809511,18.488746,
node/54796390,Sunnydale,suburb,City of Cape Town,Western Cape,-34.130556,18.388056,
node/262722241,Sunnyside,suburb,City of Cape Town,Western Cape,-33.969167,18.516111,
node/262722242,Sunridge,suburb,City of Cape Town,Western Cape,-33.825833,18.511667,
node/252201176,Sunset Beach,suburb,City of Cape Town,Western Cape,-33.853746,18.491476,
node/267044812,Sunset Links,suburb,City of Cape Town,Western Cape,-33.864840,18.491268,
node/262722245,Surrey Estate,suburb,City of Cape Town,Western Cape,-33.976389,18.545833,
node/262722249,Sweet Valley,suburb,City of Cape Town,Western Cape,-34.050278,18.438611,
node/71096000,Sybrandpark,suburb,City of Cape Town,Western Cape,-33.956943,18.499436,Sybrand Park
node/262722251,Table View,suburb,City of Cape Town,Western Cape,-33.823611,18.490278,
node/12192284069,Tafelsig,suburb,City of Cape Town,Western Cape,-34.061590,18.638019,
node/38464218,Tamboerskloof,suburb,City of Cape Town,Western Cape,-33.928333,18.406389,
node/262722252,Tara,suburb,City of Cape Town,Western Cape,-33.836667,18.669444,
node/262722258,Temperance Town,suburb,City of Cape Town,Western Cape,-34.153049,18.883050,
node/262722265,The Boulders,suburb,City of Cape Town,Western Cape,-34.197393,18.451178,
node/13412745973,The Conifers,suburb,City of Cape Town,Western Cape,-33.987691,18.696880,
node/13249385142,The Crest,suburb,City of Cape Town,Western Cape,-33.817434,18.672945,
node/262722267,The Glen,suburb,City of Cape Town,Western Cape,-33.947778,18.384722,
node/262722268,The Hague,suburb,City of Cape Town,Western Cape,-33.958333,18.641667,
node/262722271,The Links,suburb,City of Cape Town,Western Cape,-34.071280,18.835003,
node/6222857076,The Palms,neighbourhood,City of Cape Town,Western Cape,-34.102506,18.834811,
node/2095397928,The Vines,suburb,City of Cape Town,Western Cape,-34.095511,18.859361,
node/73950028,Thornton,suburb,City of Cape Town,Western Cape,-33.923611,18.535278,
node/262719949,Three Anchor Bay,suburb,City of Cape Town,Western Cape,-33.909167,18.395556,Drieankerbaai
node/262722283,Tijgerhof,suburb,City of Cape Town,Western Cape,-33.887500,18.498333,
node/262722290,Tokai,suburb,City of Cape Town,Western Cape,-34.060833,18.441667,
node/2100378032,Tuscana Close,suburb,City of Cape Town,Western Cape,-34.098495,18.859839,
node/262722316,Tuscany Glen,suburb,City of Cape Town,Western Cape,-33.999722,18.700000,
node/6222647210,Twin Palms,neighbourhood,City of Cape Town,Western Cape,-34.115964,18.837826,
node/6206052341,Uitkyk Informal Settlement,neighbourhood,City of Cape Town,Western Cape,-34.116930,18.909737,
node/262722325,Uitsig,suburb,City of Cape Town,Western Cape,-33.938056,18.599722,
node/6515180526,Umrhabulo Triangle (Makhaza),suburb,City of Cape Town,Western Cape,-34.046790,18.703774,
node/262722338,Valmary Park,suburb,City of Cape Town,Western Cape,-33.845832,18.650930,
node/12584628984,Van Riebeeckshof,suburb,City of Cape Town,Western Cape,-33.855192,18.609484,
node/262722343,Van Riebeeckstrand,suburb,City of Cape Town,Western Cape,-33.694167,18.445833,
node/6222541720,Van Ryneveld,neighbourhood,City of Cape Town,Western Cape,-34.120503,18.833006,
node/6222934089,Van der Stel,neighbourhood,City of Cape Town,Western Cape,-34.096509,18.848887,
node/262722401,Vasco,suburb,City of Cape Town,Western Cape,-33.904722,18.561389,
node/56071032,Vergesig,suburb,City of Cape Town,Western Cape,-33.839469,18.631093,
node/6515180538,Victoria Mxenge (Site B),suburb,City of Cape Town,Western Cape,-34.024369,18.656991,
node/6205880412,Victoria Park,neighbourhood,City of Cape Town,Western Cape,-34.093182,18.831794,
node/1666816042,Vierlanden,suburb,City of Cape Town,Western Cape,-33.813465,18.657653,
node/12768331130,Viking Village,suburb,City of Cape Town,Western Cape,-33.830486,18.718894,
node/262722427,Voorbrug,suburb,City of Cape Town,Western Cape,-33.973056,18.648611,
node/262726144,Voëlvlei,suburb,City of Cape Town,Western Cape,-33.923056,18.667222,
node/38464200,Vredehoek,suburb,City of Cape Town,Western Cape,-33.940556,18.423056,
node/262722430,Vredekloof,suburb,City of Cape Town,Western Cape,-33.861944,18.678333,
node/12736259811,Vredekloof East,suburb,City of Cape Town,Western Cape,-33.860762,18.687201,
node/262722432,Vredenberg,suburb,City of Cape Town,Western Cape,-33.876944,18.666944,
node/262722435,Vrijzee,suburb,City of Cape Town,Western Cape,-33.907500,18.569722,
node/262722437,Vyeboom,suburb,City of Cape Town,Western Cape,-34.056389,18.893056,
node/262722440,Wallacedene,suburb,City of Cape Town,Western Cape,-33.850000,18.733333,
node/262722450,Waterfront,suburb,City of Cape Town,Western Cape,-33.903056,18.421667,
node/262722456,Welcome Estate,suburb,City of Cape Town,Western Cape,-33.959167,18.546667,
node/262722457,Welgemoed,suburb,City of Cape Town,Western Cape,-33.874722,18.616389,
node/262722459,Weltevreden,suburb,City of Cape Town,Western Cape,-34.123889,18.842778,
node/12100668378,Wesbank,suburb,City of Cape Town,Western Cape,-33.969085,18.657512,
node/262722462,Wesfleur,suburb,City of Cape Town,Western Cape,-33.563882,18.488328,
node/13242996444,Westerdale,suburb,City of Cape Town,Western Cape,-33.810681,18.618989,
node/12188289182,Westgate,suburb,City of Cape Town,Western Cape,-34.045143,18.587911,
node/262722500,Westlake,suburb,City of Cape Town,Western Cape,-34.078490,18.441014,
node/262722502,Westridge,suburb,City of Cape Town,Western Cape,-34.074806,18.832991,
node/258524645,Wetton,suburb,City of Cape Town,Western Cape,-34.004722,18.518611,
node/6205282712,Whispering Pines,neighbourhood,City of Cape Town,Western Cape,-34.144138,18.859152,
node/241543985,Windermere,suburb,City of Cape Town,Western Cape,-33.906389,18.518611,
node/262722522,Windsor Estate,suburb,City of Cape Town,Western Cape,-33.838056,18.706111,
node/262722523,Windsor Park,suburb,City of Cape Town,Western Cape,-33.848056,18.704444,
node/241544428,Wingfield,suburb,City of Cape Town,Western Cape,-33.907501,18.529246,
node/6205264760,Winslow,neighbourhood,City of Cape Town,Western Cape,-34.154314,18.872617,
node/598998671,Witsand,suburb,City of Cape Town,Western Cape,-33.586105,18.505229,
node/262722527,Witteboomen,suburb,City of Cape Town,Western Cape,-34.016709,18.419448,
node/13394906748,Wolwerivier,suburb,City of Cape Town,Western Cape,-33.730644,18.514599,
node/267030038,Woodbridge Island,suburb,City of Cape Town,Western Cape,-33.884265,18.487218,
node/262722536,Woodlands,suburb,City of Cape Town,Western Cape,-34.039722,18.599444,
node/25685775,Woodstock,suburb,City of Cape Town,Western Cape,-33.930556,18.447222,
node/179631854,Wynberg,suburb,City of Cape Town,Western Cape,-34.003625,18.467251,
node/262722545,Wyndover,suburb,City of Cape Town,Western Cape,-33.979167,18.488056,
node/262722546,Zeekoevlei,suburb,City of Cape Town,Western Cape,-34.056045,18.504483,
